montant_xof,heure,type_operation,anciennete_compte_j,nb_tx_24h,fraude
1810,15,paiement,144,3,0
3220,16,paiement,391,3,0
3340,11,paiement,928,3,0
1740,15,paiement,1899,3,0
1960,13,paiement,97,3,0
1490,14,retrait,1557,4,0
4430,12,paiement,564,3,0
8300,17,transfert,1549,1,0
6620,17,paiement,155,3,0
1930,13,transfert,1528,4,0
1370,18,transfert,1817,3,0
2370,11,retrait,1621,5,0
3720,16,paiement,479,3,0
1370,12,paiement,695,4,0
870,13,paiement,102,2,0
4130,15,paiement,994,4,0
17370,8,transfert,1085,2,0
5380,11,transfert,62,3,0
8590,13,paiement,701,3,0
6030,19,transfert,506,3,0
15830,10,retrait,1777,2,0
6020,17,paiement,229,1,0
26350,15,transfert,471,3,0
7200,17,transfert,214,2,0
10840,13,transfert,1595,3,0
1870,15,retrait,1909,2,0
7520,13,retrait,1710,3,0
9310,14,transfert,1153,3,0
6780,16,transfert,1413,6,0
8220,18,transfert,1597,3,0
4740,11,transfert,594,1,0
3210,18,paiement,1058,3,0
42200,21,transfert,1460,4,0
2450,20,paiement,338,4,0
6900,20,transfert,856,3,0
7330,17,paiement,222,2,0
21360,8,transfert,119,5,0
4100,14,transfert,1882,4,0
7300,13,retrait,415,1,0
320750,2,retrait,29,14,1
2810,12,transfert,1269,4,0
980,9,transfert,701,5,0
15910,14,paiement,1794,1,0
3850,11,retrait,1902,3,0
13940,17,transfert,1585,1,0
750,21,retrait,721,1,0
2340,14,paiement,1410,2,0
1340,8,retrait,1896,3,0
790,20,retrait,249,1,0
6570,10,transfert,1179,4,0
6010,14,paiement,1121,6,0
35270,10,paiement,400,3,0
880,15,retrait,1378,6,0
4600,12,retrait,1974,2,0
6300,15,paiement,847,1,0
4940,14,transfert,1891,3,0
1430,16,transfert,1247,1,0
19850,14,transfert,1708,4,0
8790,19,transfert,449,1,0
1040,19,paiement,1811,4,0
4850,17,paiement,934,4,0
1820,15,paiement,1796,3,0
3050,10,paiement,204,2,0
28800,14,paiement,1604,2,0
4440,13,retrait,1504,1,0
41640,12,paiement,941,1,0
8260,15,transfert,1078,1,0
2370,10,paiement,69,2,0
5980,17,transfert,1584,1,0
19360,16,paiement,281,3,0
5040,14,paiement,230,1,0
2880,10,paiement,1796,1,0
6980,13,retrait,1639,1,0
5370,17,transfert,581,2,0
1140,14,paiement,1232,2,0
2730,14,paiement,294,2,0
10430,9,transfert,1203,6,0
5310,13,transfert,1688,2,0
7010,12,transfert,1060,4,0
910,12,transfert,1020,3,0
2220,15,retrait,1266,1,0
8690,23,retrait,1583,1,0
19130,15,retrait,703,3,0
3290,15,paiement,1452,4,0
990,19,paiement,1896,2,0
5420,16,transfert,1847,3,0
5800,14,retrait,918,3,0
5170,18,transfert,816,1,0
10580,4,retrait,712,3,0
3940,12,paiement,855,4,0
3860,9,paiement,1993,2,0
5870,13,paiement,405,0,0
2590,14,transfert,922,4,0
1380,10,transfert,835,0,0
11410,19,paiement,467,2,0
3070,15,transfert,499,1,0
6070,15,paiement,1346,3,0
6590,8,paiement,1788,3,0
9710,8,paiement,1117,4,0
11790,13,transfert,867,0,0
34190,16,paiement,304,4,0
5590,2,transfert,4,16,1
6190,17,transfert,1340,3,0
3590,14,transfert,513,2,0
8240,6,paiement,1337,3,0
2930,14,paiement,1205,2,0
4760,21,transfert,886,4,0
2550,13,retrait,299,3,0
10250,16,transfert,1393,3,0
7230,14,paiement,1148,1,0
7350,13,retrait,1890,5,0
3320,12,paiement,1401,2,0
18070,14,paiement,1263,3,0
9340,14,transfert,1995,4,0
1080,6,transfert,500,1,0
1990,10,paiement,65,4,0
11920,13,retrait,950,3,0
14050,20,transfert,484,1,0
2770,18,paiement,1939,5,0
6700,12,paiement,470,3,0
2830,12,retrait,1912,4,0
1420,11,transfert,1006,1,0
210,10,transfert,1654,3,0
8360,18,retrait,1738,6,0
4230,14,paiement,1494,4,0
5840,14,transfert,541,3,0
7980,14,paiement,1276,4,0
3550,14,transfert,711,1,0
2970,15,transfert,78,0,0
20110,13,transfert,908,4,0
1960,16,paiement,1370,3,0
4430,16,transfert,813,4,0
5250,13,paiement,1732,5,0
8760,19,paiement,94,4,0
2670,21,paiement,998,1,0
2780,17,paiement,52,1,0
1180,17,transfert,1724,1,0
3880,12,retrait,310,4,0
2230,14,paiement,95,1,0
24780,16,retrait,424,1,0
25100,15,retrait,1436,3,0
16090,14,paiement,1297,2,0
2730,12,retrait,461,3,0
70860,13,transfert,480,5,0
3900,7,retrait,1462,3,0
1210,22,transfert,988,5,0
18560,19,transfert,289,3,0
6580,12,paiement,517,4,0
6880,13,paiement,1323,2,0
1210,12,paiement,364,4,0
2310,16,paiement,102,7,0
4610,13,transfert,1875,0,0
9500,13,paiement,1029,0,0
11210,15,paiement,1045,2,0
13320,9,paiement,1356,3,0
8040,10,retrait,1890,5,0
13290,18,paiement,1328,2,0
4640,15,retrait,1571,4,0
8410,16,transfert,888,3,0
1560,7,transfert,795,2,0
5730,11,transfert,1250,4,0
1740,7,paiement,1172,6,0
3920,15,retrait,148,2,0
2250,10,paiement,1611,4,0
4360,13,transfert,387,2,0
17290,13,transfert,115,6,0
13830,12,retrait,726,3,0
2680,15,transfert,919,4,0
5110,13,transfert,1106,3,0
7140,10,paiement,873,4,0
1140,16,paiement,198,3,0
5070,10,paiement,1606,4,0
14840,9,retrait,1333,3,0
2020,16,transfert,220,6,0
5250,17,retrait,1056,2,0
7730,16,transfert,101,2,0
5320,16,paiement,812,7,0
5290,13,paiement,1759,4,0
7970,10,paiement,1951,5,0
2740,16,transfert,815,2,0
7760,14,paiement,644,2,0
7990,8,transfert,329,1,0
5620,12,retrait,501,1,0
6450,11,paiement,1033,6,0
4380,17,paiement,754,4,0
3460,13,paiement,1527,2,0
393970,3,transfert,86,10,1
14430,13,paiement,991,1,0
620,12,paiement,935,7,0
34250,11,transfert,1793,2,0
7440,11,transfert,1370,0,0
3540,14,paiement,53,4,0
1920,16,paiement,223,3,0
8490,19,paiement,435,3,0
2750,17,retrait,1215,4,0
1920,6,paiement,1237,2,0
6480,17,paiement,1637,6,0
8920,18,paiement,1103,2,0
7040,11,retrait,450,6,0
9680,15,transfert,1529,2,0
4070,10,retrait,431,3,0
6310,19,paiement,1529,0,0
1330,9,paiement,632,7,0
1250,19,transfert,213,3,0
26240,21,transfert,1362,4,0
13420,11,transfert,1583,2,0
2300,13,paiement,1208,7,0
3520,18,transfert,1187,2,0
5580,6,paiement,1883,4,0
1710,2,paiement,188,5,0
7010,11,transfert,1914,1,0
2230,10,retrait,521,4,0
550,17,paiement,1802,0,0
5220,16,retrait,132,4,0
6400,8,paiement,1944,2,0
2540,10,retrait,1135,3,0
6920,21,paiement,932,4,0
24170,9,transfert,152,3,0
2750,10,paiement,680,6,0
10880,13,transfert,1010,3,0
950,14,transfert,1167,5,0
2750,18,retrait,1815,2,0
2080,15,paiement,1242,3,0
6240,13,transfert,1280,3,0
14600,2,transfert,12,11,1
1580,9,retrait,248,5,0
5230,18,paiement,252,2,0
2430,16,transfert,887,5,0
3690,11,paiement,1372,3,0
10730,12,paiement,739,2,0
4110,15,retrait,146,3,0
1210,8,paiement,781,2,0
4700,12,paiement,1933,5,0
12120,22,transfert,1079,3,0
1060,16,retrait,176,3,0
3560,17,paiement,1978,4,0
6760,19,transfert,527,3,0
3080,14,retrait,944,1,0
17840,12,transfert,1362,1,0
4080,7,retrait,559,2,0
10160,14,paiement,955,4,0
11690,23,retrait,127,4,0
3110,13,paiement,1638,5,0
4640,11,retrait,355,4,0
12670,10,retrait,1451,1,0
3500,16,transfert,1606,2,0
4090,17,paiement,1507,5,0
7380,9,transfert,1074,6,0
4200,8,retrait,162,3,0
6220,18,paiement,786,3,0
4580,12,transfert,1038,2,0
4280,15,transfert,776,0,0
7280,19,paiement,1698,4,0
5040,15,paiement,225,3,0
4740,9,paiement,1675,3,0
2260,14,transfert,328,0,0
52560,6,paiement,516,4,0
1800,16,retrait,1103,3,0
8670,11,transfert,621,4,0
7870,15,paiement,1198,3,0
2670,14,transfert,949,0,0
5000,16,paiement,1516,3,0
32020,9,retrait,743,5,0
5690,13,paiement,36,2,0
10900,17,retrait,90,6,0
4400,12,transfert,165,0,0
7480,15,retrait,1409,1,0
11680,9,paiement,633,4,0
6990,17,paiement,1688,2,0
1820,16,retrait,820,1,0
5190,12,retrait,1111,1,0
18640,12,paiement,1447,6,0
1850,9,transfert,266,3,0
8110,17,paiement,822,1,0
9180,20,retrait,1179,3,0
4220,14,transfert,1737,6,0
5270,11,retrait,1693,2,0
2920,10,paiement,1361,5,0
11910,12,paiement,248,2,0
5990,8,paiement,1447,6,0
5570,12,paiement,1170,1,0
7810,16,transfert,226,6,0
8890,12,paiement,1457,1,0
3860,20,paiement,463,3,0
1780,12,paiement,684,3,0
26750,17,transfert,1762,5,0
6430,16,retrait,1218,1,0
5630,14,paiement,1075,4,0
10400,15,retrait,650,4,0
15050,10,transfert,149,5,0
12480,10,paiement,1899,5,0
13080,14,paiement,1798,3,0
2480,15,transfert,1011,3,0
2340,19,transfert,808,6,0
8150,15,transfert,1675,4,0
5190,8,retrait,530,3,0
4880,16,transfert,978,2,0
1060,12,transfert,1985,7,0
2380,16,retrait,321,3,0
950,10,retrait,313,7,0
2270,9,transfert,94,4,0
11040,16,paiement,1654,2,0
4230,16,transfert,1078,1,0
2250,16,paiement,49,2,0
13310,10,transfert,849,5,0
1420,12,transfert,1098,2,0
1020,14,transfert,979,3,0
9340,17,paiement,1945,2,0
3840,14,paiement,1705,1,0
3530,12,transfert,339,3,0
4170,6,transfert,792,1,0
6190,12,transfert,1691,2,0
38590,21,paiement,638,3,0
7180,12,retrait,1363,4,0
5040,14,paiement,350,1,0
3530,8,retrait,878,3,0
14970,9,paiement,434,4,0
7530,19,retrait,670,2,0
6970,14,transfert,403,3,0
22810,14,transfert,1112,3,0
4430,11,transfert,932,2,0
12170,5,paiement,1353,3,0
4360,9,transfert,449,1,0
1340,19,paiement,1266,4,0
17710,16,paiement,1340,4,0
6220,15,transfert,893,5,0
2050,6,paiement,1206,4,0
11220,11,paiement,1041,4,0
2870,18,retrait,1833,1,0
12080,13,transfert,1672,2,0
4930,3,transfert,1209,2,0
11860,9,paiement,835,3,0
10620,17,retrait,909,1,0
26440,6,paiement,1492,3,0
8200,18,paiement,564,3,0
6490,5,transfert,1772,3,0
610,9,transfert,788,6,0
2020,6,transfert,1766,2,0
2690,9,paiement,510,3,0
18930,11,retrait,1367,3,0
3560,14,retrait,1402,5,0
13140,16,retrait,1559,5,0
6730,16,transfert,1512,3,0
12580,2,retrait,827,1,0
2190,11,paiement,974,5,0
2500,13,transfert,1228,3,0
4170,16,retrait,1689,2,0
5400,11,paiement,1109,4,0
2390,20,transfert,713,2,0
18440,12,retrait,1097,4,0
6980,9,retrait,1741,4,0
8180,13,paiement,1112,4,0
1000,12,transfert,1652,1,0
6730,13,transfert,1554,2,0
2960,7,retrait,1653,4,0
3310,20,transfert,215,9,0
1010,16,paiement,1923,3,0
1940,18,paiement,1037,0,0
1020,7,paiement,166,3,0
12700,14,paiement,761,4,0
9240,13,transfert,1899,3,0
3080,14,transfert,1949,1,0
3570,19,paiement,113,3,0
820,5,transfert,1823,6,0
5850,10,transfert,161,3,0
5100,0,retrait,1376,3,0
9130,9,transfert,1249,3,0
21440,9,retrait,632,3,0
4450,10,transfert,1971,1,0
201820,0,retrait,2,13,1
10570,20,paiement,972,3,0
4250,18,retrait,809,3,0
5980,14,transfert,422,0,0
19250,15,retrait,61,5,0
3740,14,transfert,849,8,0
5350,14,paiement,289,4,0
17040,21,transfert,761,5,0
45770,23,transfert,1510,2,0
2460,10,transfert,423,4,0
7230,19,paiement,1551,6,0
30370,12,transfert,119,3,0
6470,10,paiement,1710,5,0
5530,14,paiement,1847,3,0
1740,16,transfert,1717,5,0
2830,7,paiement,684,1,0
22690,18,paiement,612,5,0
7510,21,paiement,888,2,0
5000,14,retrait,1879,2,0
1970,17,paiement,914,2,0
6230,16,paiement,379,1,0
4120,19,retrait,521,4,0
4320,10,transfert,1882,4,0
6550,14,paiement,1475,4,0
5110,12,paiement,1749,5,0
3960,14,paiement,742,2,0
9200,17,transfert,1731,5,0
2620,17,paiement,257,0,0
1870,14,transfert,1798,3,0
5290,11,paiement,1674,3,0
18860,15,transfert,573,1,0
4330,10,transfert,1876,3,0
2570,10,transfert,1553,0,0
1630,16,transfert,1882,0,0
11170,13,retrait,904,4,0
3260,14,retrait,337,3,0
10990,12,paiement,945,2,0
4030,13,transfert,814,3,0
3440,12,transfert,1015,3,0
6660,12,transfert,1662,3,0
6270,15,paiement,290,5,0
1000,11,paiement,159,5,0
17180,12,transfert,1390,2,0
2920,13,paiement,1665,3,0
3470,8,paiement,1720,4,0
11640,6,paiement,151,3,0
1730,12,paiement,655,1,0
1340,17,paiement,684,7,0
7900,12,transfert,1475,2,0
6520,18,paiement,1611,3,0
10680,15,transfert,307,2,0
2320,14,paiement,1979,0,0
1940,14,paiement,723,6,0
4950,22,transfert,76,2,0
8100,23,paiement,957,3,0
6340,23,paiement,597,2,0
9090,13,paiement,1332,3,0
2720,15,retrait,391,2,0
14410,15,retrait,980,6,0
1720,15,paiement,744,3,0
5540,13,retrait,1461,6,0
3980,14,retrait,671,2,0
4560,1,paiement,1791,3,0
288590,0,transfert,74,15,1
19990,9,retrait,474,2,0
2400,13,paiement,1785,3,0
6270,18,transfert,748,3,0
3670,19,retrait,212,5,0
6320,7,transfert,586,3,0
4810,15,paiement,124,3,0
22490,18,paiement,1954,3,0
2620,18,retrait,1073,9,0
17870,14,paiement,1172,3,0
4910,11,paiement,254,4,0
2370,22,paiement,927,2,0
2940,10,transfert,249,2,0
5420,12,transfert,453,0,0
2280,9,transfert,1366,2,0
12780,14,paiement,1240,3,0
12400,11,retrait,738,2,0
19680,7,retrait,954,2,0
7040,12,transfert,703,1,0
860,17,transfert,77,1,0
21090,12,retrait,1675,2,0
2470,14,paiement,1872,2,0
4450,14,paiement,58,1,0
7700,16,paiement,1679,3,0
2270,17,transfert,788,4,0
12710,1,retrait,427,1,0
8500,16,retrait,1064,3,0
8780,16,transfert,357,1,0
3880,11,transfert,364,1,0
24430,9,transfert,73,1,0
7910,14,paiement,996,1,0
7070,8,paiement,684,5,0
39200,13,transfert,1236,0,0
2850,17,transfert,763,1,0
2990,22,transfert,1248,1,0
1040,21,paiement,835,4,0
1600,11,transfert,421,2,0
4170,7,paiement,1407,3,0
4210,9,paiement,1826,1,0
2370,7,retrait,507,1,0
5910,9,paiement,90,2,0
1470,17,paiement,269,5,0
2100,12,paiement,1587,4,0
8140,10,transfert,1438,1,0
1180,19,retrait,638,2,0
11970,19,retrait,1775,1,0
3440,12,transfert,659,1,0
3540,2,transfert,10,12,1
2380,7,paiement,1953,7,0
14400,17,transfert,437,3,0
3130,8,paiement,421,6,0
1260,9,paiement,987,1,0
6200,14,paiement,1721,5,0
36270,14,transfert,266,3,0
14380,8,transfert,1629,3,0
10520,18,paiement,1749,1,0
14360,13,paiement,361,4,0
15490,13,retrait,1427,3,0
6800,16,paiement,833,1,0
12820,19,paiement,520,4,0
24470,3,transfert,4,15,1
3100,13,paiement,849,1,0
12950,13,transfert,951,5,0
14730,17,paiement,1695,1,0
2400,0,retrait,237,4,0
6880,16,paiement,1419,2,0
2040,17,transfert,1838,1,0
9990,8,paiement,920,6,0
8800,6,paiement,1571,4,0
6500,13,paiement,66,4,0
3770,8,paiement,471,6,0
13540,9,retrait,1834,3,0
22900,13,paiement,896,2,0
3610,14,retrait,1962,7,0
15200,13,transfert,840,2,0
2810,11,retrait,443,5,0
15740,14,transfert,1251,5,0
9390,16,transfert,1850,8,0
5250,14,transfert,1867,4,0
620,11,transfert,843,2,0
7370,16,paiement,201,2,0
8180,12,paiement,513,2,0
21680,16,paiement,904,1,0
2130,18,transfert,426,2,0
22120,21,paiement,648,3,0
1840,17,transfert,1663,3,0
13490,10,transfert,1670,5,0
3520,13,paiement,793,5,0
3430,0,paiement,779,2,0
2830,17,retrait,1085,5,0
233420,2,retrait,13,16,1
3920,18,paiement,1875,2,0
6810,18,paiement,407,4,0
1740,17,retrait,1487,2,0
22030,14,retrait,1417,4,0
5240,10,retrait,229,3,0
12450,18,retrait,1177,1,0
3000,9,paiement,78,2,0
10250,16,paiement,1555,5,0
3940,17,paiement,1457,4,0
2870,14,paiement,1355,2,0
18930,13,transfert,929,2,0
5700,13,paiement,1590,3,0
4010,10,transfert,1725,3,0
3120,8,retrait,1741,3,0
1760,18,paiement,552,1,0
1620,14,paiement,655,2,0
6100,15,transfert,1725,1,0
3380,17,paiement,1499,3,0
2160,9,retrait,968,4,0
8940,10,retrait,1991,3,0
4340,15,retrait,1682,2,0
490,14,transfert,1253,2,0
16810,13,paiement,874,5,0
2260,7,paiement,430,2,0
1340,11,transfert,1291,5,0
3490,11,paiement,1850,2,0
6010,18,transfert,62,2,0
1230,16,retrait,288,4,0
700,11,transfert,1443,4,0
2090,13,paiement,1461,2,0
3010,17,paiement,1020,4,0
13730,12,paiement,929,1,0
2450,8,transfert,1057,4,0
9030,13,paiement,601,2,0
5210,7,retrait,1576,2,0
5220,11,retrait,547,6,0
22490,12,paiement,155,1,0
25370,13,paiement,539,6,0
27880,15,transfert,449,4,0
3080,12,paiement,208,4,0
4650,13,transfert,1599,2,0
2980,12,paiement,388,2,0
10630,15,paiement,916,3,0
21480,16,paiement,1211,5,0
3010,10,paiement,483,2,0
5310,20,transfert,1059,3,0
4580,4,paiement,999,5,0
5770,15,paiement,165,2,0
6190,12,paiement,1527,1,0
4020,18,paiement,627,3,0
1840,15,paiement,1282,3,0
1830,13,retrait,1637,3,0
13720,23,paiement,811,2,0
24640,14,paiement,1107,2,0
7080,13,paiement,1315,1,0
3410,6,paiement,629,4,0
20640,13,paiement,1619,2,0
890,13,paiement,881,2,0
79490,8,transfert,556,3,0
12040,7,paiement,906,2,0
4710,15,transfert,1157,4,0
21840,18,retrait,177,2,0
320240,4,transfert,46,10,1
7880,19,paiement,221,1,0
4430,18,transfert,1895,3,0
8230,16,transfert,634,1,0
7230,11,retrait,1966,5,0
2540,5,transfert,687,2,0
45150,15,transfert,1068,5,0
4370,16,paiement,1065,1,0
990,15,retrait,1934,4,0
1790,17,transfert,632,2,0
1540,9,transfert,664,2,0
4770,22,retrait,620,0,0
8670,11,transfert,458,1,0
8940,10,paiement,1793,6,0
22940,3,transfert,8,9,1
8880,13,transfert,624,2,0
4190,10,transfert,308,2,0
3170,18,transfert,1088,4,0
5720,17,retrait,1983,6,0
5970,12,retrait,784,3,0
5540,13,transfert,528,1,0
17220,17,paiement,1447,0,0
1990,15,retrait,493,3,0
8930,3,transfert,1,19,1
1810,17,paiement,1546,3,0
1290,14,transfert,431,1,0
7540,3,transfert,1815,1,0
314490,1,transfert,83,10,1
12320,17,paiement,741,1,0
5590,14,paiement,1637,5,0
1840,12,paiement,62,2,0
5220,5,paiement,1920,4,0
296650,4,retrait,18,12,1
3540,16,retrait,784,2,0
25680,19,transfert,87,1,0
5230,21,paiement,287,3,0
10050,19,paiement,458,3,0
9930,15,paiement,324,3,0
14060,13,retrait,1867,1,0
3480,17,transfert,1438,4,0
2230,13,transfert,78,2,0
7350,15,transfert,111,3,0
1900,10,retrait,1720,4,0
10000,15,transfert,294,2,0
14600,18,paiement,454,4,0
6290,8,paiement,1930,4,0
5490,11,paiement,1908,4,0
2740,9,retrait,1086,3,0
7530,19,paiement,91,3,0
5200,18,transfert,1635,2,0
5450,14,paiement,911,1,0
2890,15,paiement,660,4,0
1980,13,paiement,1710,1,0
670,12,paiement,1072,4,0
33670,19,retrait,1460,7,0
4100,8,paiement,1388,2,0
1670,18,paiement,393,3,0
4630,7,paiement,1453,6,0
1520,12,paiement,557,2,0
20250,16,paiement,98,3,0
5960,20,paiement,246,5,0
1870,16,retrait,414,4,0
770,23,retrait,1488,2,0
7840,10,paiement,1457,5,0
8060,15,paiement,916,3,0
2320,8,paiement,1774,0,0
930,17,transfert,1030,2,0
4020,12,paiement,228,2,0
5160,17,paiement,1541,6,0
5630,7,transfert,60,4,0
4100,11,transfert,1001,0,0
6590,13,paiement,727,3,0
4920,21,paiement,363,1,0
11620,14,paiement,675,1,0
6120,16,retrait,1769,2,0
3470,17,retrait,1883,7,0
17110,14,transfert,153,2,0
2280,14,paiement,1496,7,0
3480,4,transfert,11,14,1
7300,5,retrait,742,3,0
8170,20,transfert,87,4,0
4430,16,paiement,133,0,0
9320,2,paiement,1497,1,0
2030,10,transfert,1312,2,0
5170,15,transfert,44,1,0
740,22,retrait,1357,1,0
530,7,transfert,732,3,0
9490,16,retrait,1782,2,0
35120,11,transfert,1492,2,0
10360,18,retrait,577,4,0
6680,12,paiement,1780,4,0
3730,18,paiement,866,6,0
1700,13,retrait,1540,5,0
23580,22,paiement,278,2,0
5310,12,transfert,1938,1,0
950,11,retrait,406,2,0
10940,9,retrait,558,1,0
9280,18,retrait,1305,4,0
6140,10,paiement,1256,0,0
8780,13,paiement,866,4,0
3670,10,paiement,466,2,0
8350,16,retrait,1713,1,0
7000,15,transfert,488,4,0
2930,16,paiement,1997,0,0
12460,12,transfert,1806,1,0
10080,9,retrait,936,4,0
5470,10,transfert,314,3,0
18690,4,transfert,8,20,1
22170,10,paiement,1642,2,0
850,22,paiement,1284,2,0
4940,17,transfert,1827,4,0
2530,8,paiement,1399,4,0
4410,17,transfert,1890,3,0
5740,14,paiement,200,1,0
31570,15,transfert,862,2,0
9230,16,retrait,593,1,0
15750,12,transfert,1861,2,0
2930,7,transfert,476,2,0
11030,10,paiement,1787,2,0
26830,7,transfert,325,1,0
13630,11,paiement,1598,1,0
15780,12,paiement,1303,1,0
28160,19,transfert,1752,0,0
6750,16,paiement,1048,3,0
8220,16,paiement,588,3,0
1250,10,paiement,37,4,0
2650,9,paiement,894,1,0
326340,0,retrait,69,9,1
2720,12,retrait,1620,3,0
8860,14,paiement,499,2,0
4610,18,retrait,1367,2,0
960,16,paiement,32,5,0
3100,10,transfert,1814,4,0
1900,15,paiement,595,3,0
8590,0,paiement,1466,7,0
970,12,retrait,646,2,0
4140,8,paiement,1605,3,0
4450,19,paiement,494,7,0
2900,11,transfert,827,2,0
16580,7,paiement,1937,2,0
1480,5,transfert,171,4,0
1380,17,retrait,1278,3,0
2270,7,paiement,1168,2,0
11140,12,paiement,409,2,0
2780,9,paiement,1888,3,0
11310,13,retrait,785,3,0
1320,12,paiement,104,2,0
7160,15,paiement,849,2,0
3380,9,retrait,1242,2,0
29710,18,paiement,823,4,0
830,12,transfert,1010,4,0
3040,15,paiement,1768,0,0
470,8,paiement,1644,5,0
5550,15,paiement,279,4,0
4380,11,transfert,889,3,0
9530,14,retrait,1689,3,0
4010,13,retrait,1172,4,0
7740,16,paiement,772,1,0
2690,10,retrait,580,3,0
15720,11,transfert,1639,4,0
1900,12,transfert,590,4,0
30710,15,transfert,807,3,0
12700,13,transfert,1861,2,0
7030,12,retrait,1888,3,0
4900,11,paiement,390,3,0
6420,8,transfert,1126,4,0
1250,17,paiement,209,3,0
7100,12,paiement,426,3,0
7610,12,paiement,1449,3,0
8900,21,retrait,271,4,0
6980,13,paiement,937,3,0
18760,18,paiement,1893,2,0
11590,17,paiement,902,2,0
3690,16,retrait,1051,4,0
12900,18,paiement,1723,2,0
3840,17,transfert,220,4,0
17100,12,transfert,479,5,0
1500,14,retrait,1097,4,0
1990,14,retrait,391,2,0
1570,13,paiement,1032,3,0
3010,12,paiement,1793,4,0
161520,2,transfert,31,10,1
2450,21,retrait,1813,2,0
10630,15,paiement,1630,5,0
1140,12,paiement,1349,0,0
3680,4,paiement,661,2,0
3490,16,paiement,1524,2,0
1600,16,transfert,1103,4,0
1600,13,retrait,342,3,0
8210,12,paiement,1830,3,0
880,15,paiement,160,1,0
8640,13,paiement,1078,2,0
9210,10,paiement,1159,4,0
7420,22,retrait,810,3,0
26000,12,retrait,678,0,0
1590,14,transfert,1970,5,0
620,12,paiement,1170,4,0
550,16,transfert,205,3,0
2740,12,retrait,593,2,0
1000,15,paiement,350,3,0
890,19,paiement,457,4,0
9400,11,paiement,1100,2,0
8530,10,paiement,849,2,0
15050,18,paiement,936,1,0
7640,2,transfert,1,18,1
7500,16,paiement,1672,4,0
4590,14,retrait,1695,1,0
12880,14,retrait,1671,3,0
18370,3,transfert,2,15,1
5030,13,paiement,1441,8,0
7550,8,transfert,1738,5,0
1780,17,retrait,1136,1,0
730,13,transfert,1504,8,0
1130,11,paiement,1676,2,0
7660,12,retrait,606,6,0
2240,14,transfert,1016,4,0
15240,15,paiement,1272,2,0
3060,17,transfert,215,5,0
39130,13,transfert,761,5,0
1850,22,retrait,124,6,0
7740,11,paiement,1831,9,0
3210,14,retrait,1924,2,0
16140,9,paiement,316,1,0
5070,11,retrait,1680,3,0
4360,12,paiement,1519,2,0
5720,17,retrait,1621,1,0
5880,13,transfert,1688,3,0
3760,18,transfert,373,6,0
18360,22,transfert,1013,1,0
7940,20,transfert,308,3,0
3800,15,transfert,226,0,0
11880,16,paiement,42,1,0
2660,6,paiement,1176,1,0
6880,10,paiement,832,1,0
22420,11,paiement,1618,3,0
9310,1,transfert,1172,2,0
2870,13,paiement,1845,2,0
56250,17,transfert,1923,2,0
9100,14,retrait,1965,5,0
7410,13,paiement,1506,5,0
1990,9,paiement,1709,3,0
8880,14,paiement,319,3,0
28920,11,paiement,781,4,0
3460,23,paiement,744,3,0
5170,16,transfert,1126,4,0
5860,13,paiement,1070,4,0
9980,10,paiement,1370,3,0
6560,10,paiement,1678,2,0
10070,15,paiement,601,0,0
1080,8,paiement,877,5,0
1310,12,paiement,849,2,0
23790,13,paiement,1891,4,0
11660,13,retrait,816,3,0
2840,13,paiement,605,3,0
25520,11,transfert,1544,3,0
1750,9,transfert,238,2,0
4650,11,paiement,722,2,0
1720,16,paiement,1811,5,0
12210,16,retrait,1830,5,0
8780,14,paiement,196,1,0
3960,16,paiement,66,4,0
790,13,retrait,616,4,0
5440,15,paiement,606,5,0
6280,11,paiement,1355,4,0
11430,10,paiement,522,4,0
21080,4,transfert,5,17,1
4430,14,paiement,1714,4,0
2140,13,transfert,91,2,0
5060,14,retrait,813,2,0
1450,16,retrait,364,1,0
2860,6,transfert,888,4,0
970,18,paiement,648,1,0
13450,19,retrait,1467,1,0
32500,8,retrait,1078,2,0
15240,15,retrait,796,0,0
1570,15,paiement,1492,5,0
2180,17,paiement,1073,2,0
3540,16,transfert,1228,3,0
5120,16,paiement,266,4,0
3980,16,paiement,1082,4,0
1370,7,transfert,1926,2,0
3160,13,transfert,889,4,0
2040,10,transfert,109,1,0
2470,12,paiement,1874,4,0
1270,9,transfert,600,1,0
8880,13,paiement,1338,1,0
2290,12,paiement,1528,0,0
5520,4,transfert,647,3,0
3810,17,transfert,738,2,0
17440,13,transfert,220,4,0
1020,10,transfert,455,5,0
12820,12,paiement,1962,2,0
1630,19,transfert,1401,1,0
8360,0,transfert,1034,2,0
11000,7,retrait,899,0,0
7720,14,transfert,169,4,0
7600,16,paiement,1426,1,0
3090,9,paiement,1031,2,0
1190,10,retrait,1501,3,0
2580,13,retrait,278,7,0
4820,16,paiement,1576,3,0
9470,16,paiement,951,2,0
1420,14,paiement,585,1,0
3790,14,paiement,923,5,0
790,9,transfert,1174,2,0
7860,3,paiement,1335,4,0
5910,10,paiement,1919,7,0
13100,23,paiement,442,0,0
580,14,paiement,1961,2,0
6880,19,transfert,325,2,0
227320,4,transfert,88,8,1
2690,14,retrait,1924,2,0
1190,11,paiement,1318,3,0
6200,12,transfert,256,3,0
7480,13,paiement,1925,4,0
910,14,paiement,463,2,0
3130,14,transfert,1317,1,0
11410,17,paiement,1042,1,0
4510,9,retrait,396,4,0
1810,10,retrait,332,1,0
3970,15,paiement,1313,3,0
4570,17,retrait,921,2,0
4720,12,transfert,1369,2,0
5940,19,paiement,298,7,0
3140,18,paiement,218,3,0
3220,14,transfert,1550,5,0
1050,12,paiement,793,3,0
3170,9,paiement,561,4,0
5280,20,transfert,1699,0,0
6100,15,transfert,1073,3,0
4780,14,paiement,833,4,0
14500,14,paiement,1220,3,0
1140,11,retrait,1606,5,0
590,20,paiement,209,2,0
7310,8,paiement,914,2,0
840,8,paiement,1011,3,0
4880,9,paiement,148,1,0
1740,14,paiement,1622,2,0
2920,12,paiement,400,3,0
7330,14,transfert,958,4,0
22560,14,transfert,163,4,0
5330,18,transfert,1770,3,0
7100,16,paiement,453,2,0
3750,7,paiement,1964,1,0
22530,20,paiement,880,1,0
1600,15,paiement,371,4,0
11520,14,paiement,1614,2,0
2270,10,transfert,840,3,0
2180,12,retrait,638,5,0
7250,11,paiement,824,2,0
2430,17,paiement,1984,4,0
3340,8,retrait,712,5,0
12200,8,paiement,801,2,0
9150,14,paiement,1021,2,0
3340,16,retrait,67,4,0
3190,13,transfert,979,1,0
27470,18,transfert,1639,2,0
20010,6,transfert,719,3,0
1780,8,paiement,1182,1,0
8340,17,transfert,1405,1,0
3820,13,paiement,664,1,0
9350,13,transfert,1518,7,0
37030,3,retrait,904,2,0
3650,15,transfert,1199,1,0
1440,11,paiement,1345,2,0
1190,10,paiement,798,6,0
10080,11,paiement,1142,4,0
5590,7,paiement,52,5,0
1210,16,paiement,876,4,0
15700,19,transfert,52,5,0
3720,5,paiement,1044,2,0
5160,17,transfert,889,3,0
1100,16,paiement,195,1,0
5390,12,paiement,1746,3,0
910,10,transfert,746,3,0
2310,16,paiement,653,3,0
8280,14,transfert,1643,1,0
8380,14,retrait,479,1,0
7110,16,paiement,1023,3,0
6490,15,paiement,1048,5,0
790,12,transfert,678,3,0
2520,13,paiement,1413,3,0
14300,6,transfert,668,2,0
2950,16,transfert,1888,3,0
5670,14,retrait,1728,6,0
5570,14,paiement,1499,4,0
41380,12,paiement,420,5,0
30460,22,paiement,295,2,0
21490,18,paiement,1820,6,0
2000,10,retrait,92,1,0
9220,11,transfert,41,2,0
12720,17,transfert,30,3,0
7280,15,paiement,1485,6,0
4920,10,transfert,1590,3,0
10790,14,retrait,281,2,0
11100,13,paiement,1481,3,0
4570,13,paiement,1007,5,0
340,11,paiement,636,0,0
2340,9,transfert,674,1,0
4360,9,transfert,1384,2,0
2560,12,paiement,640,4,0
3360,14,paiement,853,4,0
3540,18,paiement,1038,8,0
14610,13,transfert,1503,1,0
3270,9,paiement,719,3,0
18130,8,transfert,443,3,0
2480,16,paiement,1625,5,0
29240,12,transfert,1691,1,0
8230,15,transfert,1716,1,0
7930,15,paiement,1713,4,0
93780,16,retrait,1588,3,0
4450,13,transfert,836,2,0
910,18,transfert,1756,6,0
4830,13,paiement,74,3,0
1360,12,transfert,421,3,0
2450,13,transfert,550,5,0
2550,17,retrait,881,4,0
12620,10,paiement,31,2,0
3230,4,paiement,1942,3,0
3670,12,retrait,534,5,0
16800,13,retrait,1853,5,0
2970,12,paiement,603,4,0
3870,10,transfert,115,2,0
400,13,retrait,453,5,0
1240,17,paiement,1102,1,0
1700,15,paiement,1449,3,0
3010,14,paiement,1784,3,0
12260,12,paiement,898,2,0
3050,9,paiement,954,1,0
4770,11,retrait,257,5,0
9570,20,retrait,172,3,0
4870,17,retrait,822,1,0
1240,9,transfert,1493,1,0
1760,14,paiement,1889,3,0
1850,14,transfert,811,2,0
2960,8,paiement,1551,1,0
8770,16,paiement,434,4,0
7180,17,retrait,1452,2,0
2680,19,paiement,1202,1,0
7610,10,paiement,1339,3,0
4850,12,transfert,663,1,0
5690,19,transfert,425,1,0
5420,7,transfert,1891,4,0
9330,10,transfert,926,2,0
8460,14,paiement,1029,2,0
5980,19,paiement,592,4,0
3950,18,transfert,484,5,0
1950,12,paiement,918,2,0
2310,11,paiement,1012,2,0
4050,20,transfert,1479,3,0
4100,20,transfert,1500,2,0
1780,17,transfert,1591,1,0
2480,12,paiement,1543,2,0
6630,8,retrait,319,7,0
1970,11,paiement,1593,5,0
6870,14,transfert,1543,1,0
3600,14,paiement,1042,6,0
8760,21,transfert,1485,3,0
10190,11,retrait,1402,3,0
10150,18,paiement,1003,5,0
3780,15,transfert,1627,4,0
3470,18,transfert,1022,2,0
4670,18,paiement,1134,2,0
1470,12,retrait,373,2,0
2400,14,paiement,763,4,0
5650,12,retrait,1613,2,0
8430,17,transfert,227,3,0
187200,0,retrait,82,9,1
157610,2,retrait,9,11,1
3830,12,paiement,884,4,0
2740,12,paiement,1363,3,0
9370,4,transfert,6,15,1
710,15,transfert,902,8,0
8670,20,paiement,628,6,0
20300,8,paiement,1171,4,0
1690,18,paiement,1179,5,0
10310,9,transfert,384,6,0
9850,20,paiement,93,5,0
5570,16,paiement,97,3,0
7350,14,transfert,1874,3,0
6030,14,paiement,620,2,0
5160,13,retrait,1773,3,0
7540,12,retrait,1087,3,0
7700,12,transfert,1802,3,0
5220,9,transfert,1169,2,0
11460,17,paiement,63,1,0
1480,18,paiement,989,4,0
40550,16,paiement,833,2,0
13190,19,paiement,1125,1,0
10160,9,transfert,1834,1,0
12990,19,paiement,1726,2,0
1430,12,paiement,897,2,0
3250,14,paiement,597,3,0
4620,18,paiement,970,3,0
1900,13,paiement,1626,3,0
1640,5,retrait,939,0,0
480,10,retrait,1098,4,0
7450,12,paiement,320,1,0
29820,14,paiement,938,6,0
7780,13,transfert,1299,9,0
1920,18,paiement,499,6,0
16390,6,transfert,919,2,0
5130,6,paiement,1460,2,0
7860,13,transfert,1847,3,0
2140,9,transfert,1435,4,0
7230,18,transfert,1446,1,0
5490,11,retrait,1182,6,0
3270,14,transfert,1769,5,0
10050,16,paiement,754,2,0
1080,11,retrait,409,4,0
16390,12,paiement,862,2,0
7470,6,paiement,1238,2,0
2580,17,paiement,1486,6,0
1370,14,paiement,1537,4,0
8540,19,paiement,1561,3,0
3880,14,retrait,1123,1,0
3120,14,paiement,1597,0,0
2410,21,paiement,67,2,0
4830,7,retrait,956,4,0
1280,20,transfert,808,2,0
5810,18,retrait,172,2,0
7170,9,transfert,571,3,0
8850,15,paiement,614,7,0
1270,18,paiement,552,3,0
9250,4,transfert,13,19,1
4290,13,transfert,1024,4,0
14090,11,transfert,1157,4,0
4830,11,paiement,525,3,0
1300,18,paiement,47,1,0
5420,8,transfert,617,0,0
12390,11,paiement,922,3,0
2780,6,transfert,1003,7,0
7430,19,paiement,1787,0,0
5520,11,paiement,681,2,0
18100,16,transfert,1813,4,0
18020,6,transfert,1507,2,0
9990,15,paiement,1859,4,0
3620,18,retrait,960,3,0
3500,15,transfert,1262,4,0
4670,10,paiement,440,4,0
8200,15,transfert,1511,1,0
9930,14,retrait,295,2,0
12010,15,transfert,440,3,0
7020,13,paiement,1517,4,0
6070,18,paiement,1871,4,0
4310,18,transfert,304,0,0
2920,15,retrait,453,1,0
22250,4,transfert,14,16,1
3960,10,paiement,1698,2,0
8780,11,retrait,170,0,0
4200,13,paiement,1670,2,0
13420,10,paiement,1798,3,0
4330,15,paiement,1993,2,0
6970,14,transfert,79,4,0
4800,9,paiement,1234,0,0
6040,11,paiement,1668,2,0
14040,10,paiement,1512,0,0
2830,13,paiement,1871,3,0
20060,13,paiement,1780,3,0
830,13,paiement,655,3,0
5040,18,paiement,772,4,0
17190,2,transfert,12,12,1
23000,18,transfert,262,5,0
2660,13,retrait,283,2,0
5290,18,paiement,269,2,0
11480,14,transfert,966,4,0
11330,14,retrait,135,4,0
2570,15,retrait,1224,2,0
650,15,paiement,1255,3,0
2130,14,retrait,767,1,0
28060,14,paiement,590,3,0
15450,7,paiement,160,1,0
50380,15,transfert,1322,3,0
1770,16,retrait,1722,1,0
1280,16,transfert,1201,1,0
8030,12,paiement,1166,4,0
5140,13,transfert,642,3,0
7770,11,paiement,189,6,0
680,13,retrait,356,3,0
14420,17,paiement,1876,6,0
13790,19,transfert,1702,5,0
1790,14,transfert,650,1,0
6810,17,paiement,1039,7,0
4760,17,paiement,1145,3,0
10550,16,retrait,1228,6,0
1390,7,paiement,75,4,0
11680,17,paiement,1726,1,0
4340,12,transfert,1078,3,0
550,17,paiement,288,5,0
5530,17,paiement,1303,2,0
850,12,transfert,1657,5,0
5700,13,transfert,605,3,0
12260,14,retrait,1071,4,0
3610,18,paiement,1707,3,0
3150,10,retrait,1385,5,0
730,12,retrait,1712,0,0
1730,6,retrait,640,4,0
7680,16,paiement,1081,1,0
5840,14,transfert,1882,4,0
24030,17,retrait,208,4,0
2110,15,paiement,1675,3,0
17640,16,retrait,1833,2,0
7270,11,transfert,116,4,0
4290,11,transfert,1832,4,0
7510,19,paiement,1266,3,0
2130,10,retrait,366,3,0
11890,12,transfert,1444,4,0
3740,16,paiement,626,5,0
2660,12,paiement,1139,1,0
9520,7,retrait,1529,3,0
2530,6,transfert,1187,3,0
182960,2,retrait,20,9,1
7290,10,paiement,243,6,0
5530,16,transfert,486,0,0
2940,6,paiement,1678,0,0
2500,16,transfert,645,3,0
11590,12,paiement,1904,2,0
8960,7,transfert,292,3,0
19350,12,paiement,510,6,0
10170,13,paiement,1496,2,0
8330,19,transfert,586,1,0
4830,14,paiement,364,5,0
1730,14,paiement,1765,3,0
510,14,paiement,850,1,0
7490,13,paiement,1522,4,0
2430,12,transfert,45,4,0
890,4,retrait,1783,3,0
15530,13,retrait,846,0,0
7190,9,paiement,817,2,0
4170,13,transfert,692,1,0
1940,16,retrait,145,4,0
2130,18,retrait,1218,3,0
1880,7,transfert,980,4,0
4370,11,paiement,1998,4,0
1580,9,paiement,1208,5,0
7290,17,paiement,455,1,0
25930,16,retrait,194,2,0
4980,17,transfert,1425,3,0
6610,3,retrait,1109,5,0
6120,15,paiement,1701,3,0
2100,13,transfert,573,1,0
3090,15,transfert,1837,3,0
10940,19,transfert,845,0,0
3740,21,retrait,692,4,0
1740,20,retrait,1901,4,0
10160,13,paiement,436,1,0
4210,13,retrait,305,2,0
4540,20,paiement,854,6,0
520,12,retrait,1647,3,0
3990,13,retrait,737,1,0
6140,17,retrait,1997,5,0
11750,6,retrait,1385,0,0
3390,11,retrait,102,2,0
2980,12,paiement,1019,3,0
14180,8,paiement,1154,4,0
4860,9,paiement,710,4,0
2380,20,paiement,823,2,0
59370,12,transfert,838,2,0
2120,16,paiement,966,5,0
960,11,retrait,1633,1,0
3240,12,transfert,1720,3,0
28200,14,paiement,1143,3,0
2480,11,retrait,632,3,0
23210,15,transfert,1343,6,0
4390,8,retrait,473,2,0
1450,8,retrait,1989,2,0
3170,11,transfert,1152,3,0
17490,12,retrait,602,3,0
8530,16,retrait,1080,2,0
11340,14,transfert,1964,2,0
6920,20,paiement,1077,4,0
5120,13,transfert,1974,6,0
4780,18,paiement,364,0,0
3770,12,paiement,1133,2,0
730,13,paiement,162,3,0
2400,20,transfert,1519,3,0
1540,15,retrait,1832,6,0
4790,12,paiement,1388,1,0
1670,12,transfert,849,1,0
3560,11,retrait,1851,3,0
5420,13,retrait,1697,7,0
12490,13,paiement,537,2,0
1890,15,retrait,911,3,0
5360,2,transfert,7,14,1
11020,15,transfert,829,0,0
5050,15,paiement,1095,3,0
18250,14,paiement,1857,3,0
7100,13,retrait,678,5,0
18720,10,paiement,1916,0,0
11590,11,transfert,441,3,0
19070,2,transfert,14,19,1
14170,8,transfert,1506,3,0
25930,17,retrait,873,4,0
11860,13,paiement,1109,0,0
25930,18,paiement,445,1,0
29670,18,transfert,567,1,0
1690,15,paiement,1749,5,0
7380,16,paiement,870,1,0
9950,11,retrait,180,5,0
4170,15,retrait,1350,3,0
3690,10,transfert,1227,4,0
34230,12,paiement,59,1,0
1770,13,transfert,1204,1,0
1860,12,paiement,1267,2,0
7090,16,transfert,743,2,0
15170,18,paiement,1222,2,0
680,19,paiement,1436,5,0
1070,17,paiement,1617,1,0
12390,11,paiement,1532,1,0
950,18,paiement,1245,6,0
3000,13,paiement,415,4,0
9520,8,retrait,249,5,0
13510,16,transfert,1084,4,0
4690,15,transfert,226,2,0
2140,15,retrait,183,5,0
3860,4,retrait,451,4,0
4770,13,paiement,1977,4,0
8160,13,transfert,708,5,0
19970,17,paiement,648,3,0
12500,4,transfert,13,8,1
12160,19,paiement,234,1,0
11120,16,paiement,1394,5,0
2320,15,paiement,132,5,0
18460,13,paiement,1573,2,0
1690,13,retrait,858,7,0
11620,19,paiement,1503,1,0
3660,13,retrait,1761,3,0
3740,10,transfert,1482,0,0
29100,23,transfert,628,2,0
2530,15,paiement,1143,2,0
11950,18,transfert,1410,4,0
13820,14,transfert,401,1,0
242010,1,retrait,88,8,1
1650,14,transfert,335,2,0
18060,13,paiement,1148,3,0
14570,16,paiement,1201,3,0
7070,12,transfert,1105,2,0
3190,19,paiement,60,1,0
15020,14,transfert,667,2,0
3950,16,transfert,1648,3,0
6660,14,paiement,952,1,0
1380,10,paiement,740,3,0
3720,17,paiement,1795,5,0
4400,15,transfert,825,2,0
13180,20,transfert,613,3,0
12190,2,transfert,5,17,1
12780,19,retrait,1184,4,0
4150,14,transfert,286,3,0
3870,13,transfert,794,4,0
2320,11,transfert,1897,5,0
2950,21,transfert,1128,3,0
35470,9,retrait,1736,2,0
7510,12,transfert,190,1,0
8830,15,retrait,427,2,0
20540,16,paiement,86,1,0
9240,10,retrait,841,6,0
8780,10,retrait,807,2,0
9860,10,paiement,1092,5,0
7680,16,paiement,232,1,0
4300,12,transfert,609,5,0
10310,14,transfert,370,6,0
6130,12,retrait,299,4,0
7740,11,paiement,676,1,0
1940,14,paiement,172,2,0
6300,16,retrait,1628,3,0
1820,15,paiement,952,5,0
3600,13,transfert,375,1,0
11960,15,paiement,1752,2,0
25950,8,transfert,1105,4,0
3310,9,paiement,856,4,0
3430,11,transfert,1604,0,0
740,11,paiement,373,7,0
5620,12,paiement,1639,3,0
9220,7,paiement,139,0,0
7520,3,paiement,1115,3,0
4650,13,paiement,724,2,0
8630,14,paiement,408,4,0
5730,13,retrait,195,2,0
770,15,paiement,1606,3,0
530,16,transfert,1564,2,0
8740,15,paiement,178,5,0
6090,19,paiement,254,1,0
6060,22,paiement,1957,1,0
18200,21,retrait,1579,5,0
19240,7,paiement,1027,4,0
11010,3,transfert,1607,4,0
2710,14,paiement,592,2,0
2200,9,transfert,455,2,0
1270,17,paiement,1422,4,0
3190,16,paiement,497,3,0
3690,14,paiement,361,3,0
9110,12,retrait,42,1,0
2390,14,paiement,785,4,0
6230,8,transfert,1486,5,0
12560,14,retrait,1360,1,0
3010,11,paiement,630,2,0
7220,21,paiement,1279,7,0
4980,15,retrait,832,2,0
2950,17,transfert,597,3,0
10390,14,transfert,825,5,0
2450,11,paiement,1412,1,0
1580,12,paiement,364,3,0
3280,5,paiement,623,4,0
5580,7,paiement,889,5,0
2100,14,paiement,367,4,0
24120,9,retrait,1877,0,0
2400,8,paiement,251,6,0
210370,3,transfert,16,6,1
40710,17,transfert,225,1,0
6220,8,transfert,1078,3,0
3220,19,paiement,956,1,0
5000,8,retrait,494,5,0
13900,14,retrait,1031,2,0
15450,14,transfert,1835,4,0
4740,11,paiement,1340,6,0
21050,11,paiement,562,0,0
7620,14,paiement,1396,3,0
12700,17,transfert,692,2,0
850,11,paiement,446,1,0
2350,18,transfert,1442,2,0
3140,10,paiement,1214,4,0
1470,16,transfert,1915,3,0
5510,10,paiement,667,4,0
5810,8,retrait,1243,5,0
7650,9,transfert,233,3,0
10360,6,paiement,1328,1,0
6040,13,paiement,643,5,0
12550,12,paiement,637,4,0
11440,14,paiement,1739,1,0
3470,16,paiement,781,2,0
6290,12,retrait,968,2,0
38950,8,retrait,1940,2,0
3190,20,paiement,637,3,0
1760,11,retrait,138,2,0
1650,19,paiement,555,3,0
3820,12,paiement,307,2,0
6650,16,retrait,463,6,0
5790,6,paiement,1921,4,0
5790,15,paiement,1779,3,0
10970,14,paiement,858,1,0
15830,11,transfert,1174,3,0
1300,16,paiement,958,0,0
2650,21,retrait,1398,0,0
5500,13,retrait,1076,4,0
23940,12,paiement,1857,1,0
9000,9,paiement,140,3,0
4330,0,retrait,1502,1,0
9910,13,paiement,561,2,0
13260,14,retrait,585,1,0
1100,8,paiement,937,4,0
3970,15,transfert,1177,2,0
16650,14,paiement,1611,3,0
4170,11,transfert,1125,2,0
5120,16,transfert,1568,4,0
8730,11,paiement,72,2,0
3320,8,retrait,1761,3,0
4380,8,paiement,66,2,0
19560,5,retrait,672,2,0
3730,13,paiement,981,4,0
15200,19,retrait,1511,4,0
30010,17,transfert,1446,4,0
15990,2,transfert,11,14,1
2850,11,paiement,444,3,0
7590,18,paiement,1255,1,0
3860,14,transfert,623,2,0
13580,13,paiement,746,5,0
4440,14,retrait,877,6,0
9840,2,transfert,3,11,1
2970,12,paiement,1503,1,0
3080,16,paiement,700,4,0
3560,15,retrait,566,2,0
13990,17,paiement,185,2,0
960,17,retrait,392,1,0
4700,19,paiement,1197,5,0
4330,16,transfert,1587,2,0
2050,10,paiement,1426,2,0
9280,8,transfert,1756,6,0
17750,13,paiement,810,2,0
6620,9,paiement,540,2,0
19880,7,paiement,996,1,0
1960,12,transfert,1986,6,0
2450,11,paiement,288,3,0
6150,14,paiement,592,3,0
1800,9,paiement,1773,5,0
12450,8,retrait,822,1,0
6730,14,paiement,948,2,0
8710,9,transfert,1684,5,0
3570,11,retrait,1248,4,0
8160,12,paiement,1173,7,0
2880,12,transfert,394,0,0
6590,18,paiement,1791,2,0
13360,17,paiement,1727,1,0
2690,11,retrait,183,9,0
1480,19,paiement,1167,1,0
1340,14,transfert,1537,4,0
178310,0,retrait,75,10,1
10740,21,paiement,426,1,0
5140,12,paiement,595,4,0
10650,16,retrait,1865,3,0
8280,14,paiement,1390,3,0
1580,14,paiement,1223,2,0
2400,6,transfert,1730,1,0
21010,5,retrait,1610,2,0
14540,18,paiement,680,2,0
31990,12,paiement,1686,3,0
2180,11,paiement,511,4,0
1640,9,paiement,1271,2,0
2150,17,transfert,1162,1,0
6020,19,paiement,278,5,0
3640,15,paiement,1458,0,0
1800,16,paiement,987,1,0
4660,10,paiement,307,2,0
1300,13,paiement,1519,2,0
3760,10,paiement,538,4,0
47880,16,paiement,1946,2,0
6060,12,paiement,1685,6,0
7180,13,paiement,717,1,0
5220,9,retrait,108,7,0
4860,9,paiement,1425,2,0
1270,14,paiement,1159,3,0
21150,10,paiement,1915,0,0
5190,17,paiement,1143,8,0
13560,18,paiement,1164,4,0
1330,13,retrait,1768,1,0
2060,16,transfert,868,5,0
9980,11,paiement,249,4,0
2690,5,paiement,790,7,0
5950,9,transfert,1089,4,0
1750,12,paiement,473,3,0
4160,9,paiement,1011,8,0
23560,3,transfert,1,13,1
12630,12,retrait,272,5,0
5390,14,transfert,932,0,0
12080,18,transfert,1449,5,0
2770,17,transfert,904,0,0
6930,18,transfert,1890,1,0
3190,19,retrait,1878,0,0
3070,18,paiement,1576,2,0
1370,14,paiement,1205,7,0
5870,14,paiement,1302,3,0
1980,13,paiement,1369,2,0
2680,13,transfert,193,3,0
38780,13,paiement,47,2,0
2970,5,paiement,1268,0,0
860,10,paiement,1613,4,0
3960,13,transfert,1288,3,0
3370,14,retrait,746,3,0
9070,14,paiement,1540,1,0
28420,14,paiement,1616,3,0
5530,12,retrait,1826,2,0
1600,11,paiement,1244,6,0
220520,0,retrait,81,18,1
11080,12,paiement,153,3,0
2130,18,paiement,954,4,0
1800,13,transfert,1552,4,0
1540,17,paiement,1697,4,0
1120,22,transfert,257,5,0
16180,9,paiement,870,5,0
3620,12,paiement,383,1,0
4510,11,retrait,295,6,0
1570,12,paiement,625,1,0
6900,3,paiement,1929,2,0
3240,16,paiement,70,3,0
2310,15,paiement,671,1,0
1500,18,paiement,1344,3,0
1830,10,transfert,64,5,0
1090,11,retrait,257,3,0
13650,3,transfert,5,15,1
3650,15,retrait,442,2,0
18470,15,paiement,826,0,0
8150,6,retrait,632,0,0
3600,9,retrait,1619,2,0
26070,20,paiement,724,3,0
5350,15,transfert,1079,3,0
3270,19,retrait,710,3,0
5310,10,transfert,240,3,0
1440,14,paiement,878,4,0
6490,18,paiement,998,2,0
7890,16,paiement,571,1,0
6430,13,transfert,1117,3,0
22840,10,retrait,1664,7,0
52320,20,paiement,925,3,0
4600,15,retrait,474,4,0
2070,15,paiement,1361,1,0
3830,16,transfert,461,5,0
12000,13,paiement,1865,3,0
9840,14,transfert,1141,4,0
3670,16,paiement,1199,1,0
10010,12,transfert,1302,3,0
2250,12,paiement,488,4,0
3170,12,retrait,422,2,0
1060,18,paiement,175,2,0
2230,11,paiement,1142,1,0
2970,9,paiement,1184,2,0
7960,9,paiement,605,3,0
7250,13,paiement,1570,3,0
20180,21,paiement,520,1,0
2500,10,transfert,1176,7,0
39470,14,paiement,854,0,0
2380,21,retrait,685,3,0
8710,13,transfert,342,6,0
10030,12,transfert,1708,2,0
12130,2,transfert,1688,2,0
2680,0,transfert,420,3,0
1840,12,retrait,420,4,0
4310,13,paiement,1430,5,0
5390,10,paiement,564,4,0
8700,15,paiement,199,1,0
12960,9,paiement,401,1,0
14120,16,paiement,1271,1,0
13150,13,paiement,55,1,0
8010,11,transfert,1400,3,0
1830,19,paiement,578,2,0
12700,14,paiement,1857,2,0
28540,19,paiement,180,2,0
7020,12,paiement,1066,2,0
4800,10,paiement,545,3,0
3610,9,paiement,898,3,0
12080,17,paiement,1798,5,0
3740,14,paiement,1847,2,0
4240,11,paiement,1205,4,0
7480,13,transfert,650,2,0
2690,19,retrait,792,6,0
6750,20,transfert,357,2,0
9780,17,paiement,430,6,0
4700,12,paiement,339,4,0
8990,12,paiement,1617,2,0
7270,18,paiement,1943,4,0
10440,3,transfert,796,12,0
4350,15,paiement,673,5,0
1920,14,paiement,1317,3,0
10260,16,paiement,809,5,0
2980,10,transfert,769,2,0
3150,4,retrait,708,4,0
12340,12,paiement,1276,4,0
1620,9,transfert,408,2,0
4550,12,paiement,985,3,0
5080,12,paiement,575,2,0
810,12,transfert,62,3,0
4680,13,retrait,73,3,0
2280,15,transfert,1958,3,0
30620,12,transfert,1974,3,0
4540,9,transfert,581,5,0
7320,14,transfert,1181,3,0
6930,23,paiement,314,2,0
4640,19,paiement,260,4,0
5530,8,paiement,274,1,0
236890,1,retrait,43,9,1
9230,10,retrait,1143,1,0
10110,8,retrait,1203,2,0
5150,9,transfert,931,2,0
11220,6,paiement,1977,2,0
1580,14,retrait,756,7,0
2720,14,transfert,192,4,0
18640,17,transfert,1635,2,0
1410,13,transfert,832,3,0
1960,19,retrait,1335,4,0
6500,14,transfert,946,1,0
39010,10,paiement,1979,3,0
6100,21,transfert,202,3,0
11310,8,transfert,1204,2,0
10240,18,transfert,510,0,0
850,13,paiement,153,7,0
2630,10,paiement,1044,1,0
5850,18,retrait,415,2,0
8870,17,retrait,814,2,0
3240,8,paiement,92,4,0
2440,16,paiement,1934,3,0
13590,18,transfert,1140,4,0
880,7,retrait,1616,6,0
7130,13,transfert,832,0,0
3910,20,paiement,1797,4,0
9710,11,paiement,1466,3,0
2740,12,paiement,776,3,0
5610,11,transfert,419,6,0
9950,17,transfert,1862,1,0
7980,10,transfert,193,5,0
4000,10,paiement,445,2,0
2390,14,retrait,225,1,0
16350,10,paiement,169,3,0
2560,20,paiement,1525,5,0
2320,6,paiement,1433,5,0
4700,11,retrait,646,5,0
223150,2,retrait,63,15,1
3720,20,paiement,1549,0,0
3910,16,paiement,488,3,0
2660,19,transfert,669,4,0
5790,15,paiement,1240,5,0
3040,10,transfert,1472,5,0
2230,11,paiement,1310,4,0
3360,12,retrait,1011,4,0
4120,8,transfert,698,1,0
6130,6,transfert,1003,2,0
3590,11,retrait,673,4,0
4940,15,paiement,123,4,0
23780,10,paiement,1268,4,0
450,13,paiement,352,4,0
1970,13,transfert,781,3,0
1450,16,paiement,1915,1,0
1010,17,paiement,905,2,0
2670,7,transfert,613,2,0
4780,13,paiement,312,1,0
13200,6,transfert,1492,2,0
3360,12,paiement,1873,1,0
3340,11,paiement,1893,1,0
2940,20,paiement,466,3,0
7520,8,paiement,97,3,0
12680,15,paiement,503,4,0
39120,23,paiement,1039,4,0
6090,21,paiement,413,2,0
20820,18,paiement,930,4,0
4040,10,transfert,45,3,0
4420,11,retrait,1545,4,0
1690,14,transfert,103,2,0
9380,12,paiement,1458,0,0
3300,18,retrait,1931,4,0
1850,11,paiement,1252,4,0
2200,12,paiement,1784,2,0
10240,20,retrait,1641,4,0
5360,9,transfert,1150,2,0
13750,13,transfert,1457,2,0
740,4,paiement,1860,4,0
9570,10,transfert,1087,2,0
2030,13,transfert,633,3,0
3860,13,paiement,1703,4,0
5890,15,paiement,805,1,0
30310,16,paiement,347,0,0
1580,16,paiement,1608,2,0
6510,18,transfert,1724,2,0
6720,16,paiement,272,3,0
5830,15,transfert,322,3,0
1560,14,transfert,549,3,0
5400,12,paiement,1024,4,0
6950,13,paiement,958,6,0
11390,19,retrait,1924,2,0
4770,14,paiement,1710,3,0
17350,9,paiement,669,3,0
12960,20,paiement,765,1,0
3160,18,transfert,1866,2,0
5550,18,transfert,1818,8,0
10730,17,paiement,1809,1,0
1670,18,transfert,794,0,0
3820,15,paiement,1373,5,0
3980,13,paiement,55,3,0
15280,11,paiement,1732,1,0
9820,14,paiement,1214,4,0
11930,4,transfert,5,15,1
5720,3,transfert,10,15,1
8040,13,paiement,561,3,0
11450,12,paiement,383,0,0
8040,13,paiement,782,0,0
4320,14,paiement,270,2,0
1180,15,paiement,1287,3,0
7620,12,paiement,790,1,0
9630,12,transfert,748,2,0
10190,7,paiement,1026,7,0
3810,15,paiement,1088,6,0
6700,14,paiement,641,1,0
2380,12,paiement,911,2,0
5130,23,transfert,337,3,0
7240,19,paiement,685,7,0
6230,18,retrait,984,4,0
2670,15,transfert,448,1,0
9550,7,retrait,1311,3,0
4170,19,paiement,1813,3,0
1390,15,paiement,935,3,0
1730,10,paiement,1925,5,0
7370,15,transfert,64,4,0
7400,5,retrait,1069,2,0
7860,14,transfert,176,1,0
6530,12,paiement,32,3,0
3220,11,paiement,625,3,0
2340,14,paiement,889,8,0
1920,18,paiement,118,1,0
8210,9,paiement,400,4,0
1690,11,transfert,1403,3,0
13290,7,paiement,1306,3,0
16840,12,paiement,1630,4,0
12570,15,paiement,376,5,0
7840,10,paiement,1049,0,0
6990,18,transfert,1059,5,0
5220,19,retrait,1009,6,0
7070,4,retrait,1466,3,0
1850,11,paiement,144,3,0
1320,14,transfert,1454,3,0
8120,18,paiement,1855,2,0
3390,17,paiement,1264,5,0
8470,15,paiement,937,1,0
8340,11,paiement,1990,1,0
4010,18,paiement,1753,4,0
3250,11,retrait,327,5,0
12840,11,transfert,1168,3,0
4120,10,retrait,818,2,0
9800,7,paiement,1110,3,0
5900,10,paiement,595,1,0
2640,14,transfert,993,3,0
5040,16,retrait,1521,4,0
2250,13,transfert,1379,2,0
3880,15,retrait,1553,3,0
13190,10,paiement,1809,1,0
3050,15,retrait,1074,5,0
6780,11,paiement,229,6,0
2510,14,paiement,1146,5,0
7170,19,transfert,568,5,0
1270,18,transfert,1181,4,0
4040,7,retrait,187,2,0
5000,11,paiement,170,6,0
29050,14,retrait,494,2,0
4270,20,paiement,756,3,0
8690,13,paiement,1541,8,0
4640,18,transfert,186,4,0
2000,16,transfert,1191,2,0
2940,14,retrait,1004,3,0
8040,8,retrait,682,1,0
7780,12,paiement,93,2,0
1800,11,transfert,1089,2,0
6410,22,retrait,621,2,0
39350,14,transfert,743,5,0
6060,10,retrait,1233,3,0
6210,7,transfert,1764,2,0
8870,10,paiement,209,2,0
5350,16,paiement,886,1,0
3110,14,transfert,891,0,0
5050,13,retrait,498,1,0
7780,17,paiement,1647,3,0
17920,16,transfert,1345,0,0
4530,16,paiement,1077,5,0
3370,11,paiement,1241,1,0
3920,11,paiement,1003,3,0
6660,11,paiement,1988,3,0
13680,14,paiement,150,4,0
9510,13,paiement,605,1,0
5340,16,paiement,775,3,0
3070,13,retrait,1265,1,0
14830,11,transfert,883,6,0
1380,13,transfert,466,0,0
2060,11,paiement,680,1,0
1940,9,paiement,827,1,0
4030,15,paiement,1108,6,0
2360,17,paiement,1748,2,0
7310,12,paiement,1136,2,0
14980,12,retrait,1414,1,0
6750,11,transfert,1066,1,0
18850,11,paiement,1406,3,0
5320,5,transfert,420,3,0
34940,13,transfert,1613,1,0
13720,15,transfert,763,1,0
3410,20,paiement,555,3,0
1430,16,paiement,424,2,0
3670,10,paiement,881,3,0
10080,12,paiement,1443,5,0
2410,15,paiement,1260,4,0
4350,5,paiement,716,2,0
2990,11,paiement,1448,4,0
27640,6,paiement,1294,2,0
12430,13,retrait,1270,1,0
810,13,paiement,178,0,0
2620,8,retrait,255,3,0
2220,12,paiement,134,3,0
8480,10,paiement,1178,0,0
4710,9,paiement,891,1,0
4730,15,transfert,1092,1,0
4020,17,transfert,1070,3,0
6490,13,paiement,1299,1,0
2180,18,transfert,297,1,0
1020,15,retrait,1972,6,0
630,3,paiement,1568,3,0
12180,3,transfert,5,14,1
3390,11,transfert,162,3,0
15190,11,paiement,965,2,0
6620,16,paiement,1194,4,0
14270,14,retrait,1861,0,0
410,22,transfert,974,4,0
5190,22,transfert,370,2,0
29110,16,retrait,1486,5,0
6040,8,transfert,1810,5,0
6440,5,transfert,1137,7,0
18690,11,retrait,525,2,0
15560,20,transfert,204,9,0
4950,21,paiement,238,3,0
17050,8,paiement,1595,1,0
2230,16,paiement,1681,3,0
4690,13,paiement,966,2,0
2670,19,transfert,757,3,0
8040,14,retrait,983,6,0
2690,22,paiement,62,3,0
2500,12,retrait,1713,2,0
1930,10,transfert,1675,2,0
340,11,retrait,1981,2,0
57660,16,paiement,1431,2,0
2930,15,transfert,583,3,0
7380,17,transfert,585,3,0
6220,12,transfert,1753,2,0
7060,13,transfert,60,2,0
5430,18,paiement,722,2,0
3760,16,paiement,1681,3,0
3390,23,transfert,385,4,0
2490,7,paiement,1346,2,0
2880,12,paiement,1484,3,0
9560,19,paiement,351,4,0
14800,12,transfert,1662,3,0
3810,14,transfert,875,0,0
2850,12,transfert,507,3,0
34040,9,paiement,1551,5,0
1940,17,paiement,1762,1,0
2090,15,paiement,1265,3,0
2050,13,transfert,458,2,0
500,9,paiement,135,4,0
4140,7,paiement,730,5,0
25260,15,paiement,1108,2,0
3970,12,transfert,830,0,0
8020,20,paiement,546,3,0
1860,16,transfert,656,6,0
2650,15,retrait,1047,1,0
9770,13,paiement,873,2,0
23260,3,transfert,4,17,1
2530,17,paiement,641,1,0
6000,12,paiement,1069,0,0
13480,16,transfert,1481,2,0
7290,15,transfert,1616,5,0
1940,18,retrait,257,1,0
280,10,paiement,545,2,0
7410,10,paiement,920,3,0
6070,11,paiement,1003,1,0
172450,4,transfert,54,9,1
6910,14,paiement,403,3,0
4120,16,retrait,732,2,0
87430,15,paiement,529,4,0
2320,10,retrait,1358,6,0
3250,14,paiement,1723,3,0
7180,13,retrait,1825,2,0
6320,8,transfert,301,1,0
5970,15,transfert,1594,7,0
610,12,paiement,1012,4,0
14950,12,retrait,794,6,0
8760,10,transfert,1799,4,0
16940,13,paiement,1720,2,0
7500,3,paiement,1233,5,0
3830,11,paiement,1673,4,0
4750,12,retrait,631,2,0
6830,16,paiement,1512,1,0
6660,14,retrait,774,2,0
8750,21,paiement,1641,2,0
5470,13,transfert,1041,2,0
1600,13,transfert,1948,3,0
30960,11,paiement,409,3,0
31580,14,transfert,478,1,0
6150,9,paiement,214,3,0
1670,11,transfert,1967,0,0
4110,13,paiement,1765,3,0
2370,18,paiement,426,5,0
450,10,transfert,1133,3,0
1930,14,retrait,1723,1,0
2600,16,paiement,1104,4,0
4150,10,retrait,1166,1,0
3510,10,transfert,1810,2,0
16360,14,transfert,724,1,0
5090,18,transfert,617,2,0
2980,19,transfert,1524,3,0
8760,10,retrait,484,1,0
10000,5,transfert,834,4,0
11200,16,paiement,1863,1,0
8550,18,paiement,534,1,0
12790,19,retrait,227,4,0
10340,17,paiement,146,2,0
7240,13,paiement,1474,1,0
6350,11,transfert,50,2,0
7820,13,transfert,1401,1,0
13330,9,transfert,767,2,0
28430,17,paiement,762,2,0
3920,19,transfert,54,0,0
8960,11,transfert,1243,5,0
13220,11,paiement,1092,2,0
14650,13,paiement,1536,3,0
810,14,retrait,93,0,0
8810,17,paiement,1901,6,0
7960,13,retrait,591,4,0
16770,8,paiement,952,4,0
2570,12,paiement,1369,3,0
4290,11,transfert,1936,4,0
6250,13,paiement,1352,3,0
1750,13,paiement,1492,7,0
394950,2,transfert,37,16,1
2060,9,retrait,491,5,0
2870,11,transfert,205,3,0
6730,13,transfert,1488,5,0
13300,14,transfert,1199,0,0
52940,14,transfert,1440,4,0
2530,8,paiement,149,5,0
8940,11,paiement,314,4,0
19480,21,transfert,1350,2,0
910,15,transfert,118,2,0
3260,15,paiement,227,3,0
10520,17,transfert,1325,1,0
17320,11,retrait,88,4,0
2440,16,paiement,1252,0,0
5600,9,retrait,1063,0,0
1140,17,transfert,352,5,0
6570,12,paiement,1715,7,0
6380,14,paiement,30,4,0
9980,10,paiement,1366,4,0
7170,13,retrait,428,2,0
18430,12,transfert,1169,2,0
6000,16,paiement,1459,2,0
4220,20,transfert,1856,5,0
5520,16,paiement,1719,3,0
1780,10,retrait,395,1,0
13300,11,transfert,1906,3,0
3240,10,paiement,273,4,0
2250,14,paiement,279,1,0
10690,8,paiement,189,4,0
4850,11,transfert,1797,3,0
4940,16,paiement,374,3,0
840,14,transfert,1455,3,0
211250,4,retrait,6,7,1
